unidade;mes;ano;grau;escore;predicao_obito;saidas;obitos_ocorridos;obitos_esperados
HGBJA;janeiro;2021;I;0 a 4;4,00;0;0;0,00
HGBJA;janeiro;2021;II;5 a 9;8,00;4;0;0,32
HGBJA;janeiro;2021;III;10 a 14;15,00;5;2;0,75
HGBJA;janeiro;2021;IV;15 a 19;25,00;10;2;2,50
HGBJA;janeiro;2021;V;20 a 24;40,00;3;1;1,20
HGBJA;janeiro;2021;VI;25 a 29;55,00;2;2;1,10
HGBJA;janeiro;2021;VII;30 a 34;75,00;0;0;0,00
HGBJA;janeiro;2021;VIII;> 34;85,00;0;0;0,00
HGBJA;fevereiro;2021;I;0 a 4;4,00;0;0;0,00
HGBJA;fevereiro;2021;II;5 a 9;8,00;3;0;0,24
HGBJA;fevereiro;2021;III;10 a 14;15,00;6;0;0,90
HGBJA;fevereiro;2021;IV;15 a 19;25,00;11;2;2,75
HGBJA;fevereiro;2021;V;20 a 24;40,00;2;0;0,80
HGBJA;fevereiro;2021;VI;25 a 29;55,00;3;1;1,65
HGBJA;fevereiro;2021;VII;30 a 34;75,00;3;3;2,25
HGBJA;fevereiro;2021;VIII;> 34;85,00;1;0;0,85
HGBJA;março;2021;I;0 a 4;4,00;0;0;0,00
HGBJA;março;2021;II;5 a 9;8,00;2;0;0,16
HGBJA;março;2021;III;10 a 14;15,00;1;0;0,15
HGBJA;março;2021;IV;15 a 19;25,00;7;1;1,75
HGBJA;março;2021;V;20 a 24;40,00;8;3;3,20
HGBJA;março;2021;VI;25 a 29;55,00;4;2;2,20
HGBJA;março;2021;VII;30 a 34;75,00;0;0;0,00
HGBJA;março;2021;VIII;> 34;85,00;0;0;0,00
HGBJA;abril;2021;I;0 a 4;4,00;0;0;0,00
HGBJA;abril;2021;II;5 a 9;8,00;4;0;0,32
HGBJA;abril;2021;III;10 a 14;15,00;9;0;1,35
HGBJA;abril;2021;IV;15 a 19;25,00;8;1;2,00
HGBJA;abril;2021;V;20 a 24;40,00;4;2;1,60
HGBJA;abril;2021;VI;25 a 29;55,00;6;5;3,30
HGBJA;abril;2021;VII;30 a 34;75,00;2;1;1,50
HGBJA;abril;2021;VIII;> 34;85,00;1;1;0,85
HGBJA;maio;2021;I;0 a 4;4,00;0;0;0,00
HGBJA;maio;2021;II;5 a 9;8,00;2;0;0,16
HGBJA;maio;2021;III;10 a 14;15,00;3;0;0,45
HGBJA;maio;2021;IV;15 a 19;25,00;13;3;3,25
HGBJA;maio;2021;V;20 a 24;40,00;3;1;1,20
HGBJA;maio;2021;VI;25 a 29;55,00;4;1;2,20
HGBJA;maio;2021;VII;30 a 34;75,00;1;0;0,75
HGBJA;maio;2021;VIII;> 34;85,00;0;0;0,00
HGBJA;junho;2021;I;0 a 4;4,00;0;0;0,00
HGBJA;junho;2021;II;5 a 9;8,00;1;0;0,08
HGBJA;junho;2021;III;10 a 14;15,00;4;1;0,60
HGBJA;junho;2021;IV;15 a 19;25,00;5;0;1,25
HGBJA;junho;2021;V;20 a 24;40,00;1;1;0,40
HGBJA;junho;2021;VI;25 a 29;55,00;6;4;3,30
HGBJA;junho;2021;VII;30 a 34;75,00;1;1;0,75
HGBJA;junho;2021;VIII;> 34;85,00;1;1;0,85
HGBJA;julho;2021;I;0 a 4;4,00;0;0;0,00
HGBJA;julho;2021;II;5 a 9;8,00;1;0;0,08
HGBJA;julho;2021;III;10 a 14;15,00;2;1;0,30
HGBJA;julho;2021;IV;15 a 19;25,00;7;1;1,75
HGBJA;julho;2021;V;20 a 24;40,00;9;4;3,60
HGBJA;julho;2021;VI;25 a 29;55,00;2;0;1,10
HGBJA;julho;2021;VII;30 a 34;75,00;0;0;0,00
HGBJA;julho;2021;VIII;> 34;85,00;2;2;1,70
HGBJA;agosto;2021;I;0 a 4;4,00;0;0;0,00
HGBJA;agosto;2021;II;5 a 9;8,00;1;0;0,08
HGBJA;agosto;2021;III;10 a 14;15,00;6;0;0,90
HGBJA;agosto;2021;IV;15 a 19;25,00;6;1;1,50
HGBJA;agosto;2021;V;20 a 24;40,00;6;2;2,40
HGBJA;agosto;2021;VI;25 a 29;55,00;1;1;0,55
HGBJA;agosto;2021;VII;30 a 34;75,00;1;0;0,75
HGBJA;agosto;2021;VIII;> 34;85,00;2;1;1,70
HGBJA;setembro;2021;I;0 a 4;4,00;0;0;0,00
HGBJA;setembro;2021;II;5 a 9;8,00;2;0;0,16
HGBJA;setembro;2021;III;10 a 14;15,00;4;0;0,60
HGBJA;setembro;2021;IV;15 a 19;25,00;6;0;1,50
HGBJA;setembro;2021;V;20 a 24;40,00;7;3;2,80
HGBJA;setembro;2021;VI;25 a 29;55,00;3;1;1,65
HGBJA;setembro;2021;VII;30 a 34;75,00;0;0;0,00
HGBJA;setembro;2021;VIII;> 34;85,00;1;1;0,85
HGBJA;outubro;2021;I;0 a 4;4,00;0;0;0,00
HGBJA;outubro;2021;II;5 a 9;8,00;1;0;0,08
HGBJA;outubro;2021;III;10 a 14;15,00;5;0;0,75
HGBJA;outubro;2021;IV;15 a 19;25,00;6;0;1,50
HGBJA;outubro;2021;V;20 a 24;40,00;12;2;4,80
HGBJA;outubro;2021;VI;25 a 29;55,00;5;3;2,75
HGBJA;outubro;2021;VII;30 a 34;75,00;4;3;3,00
HGBJA;outubro;2021;VIII;> 34;85,00;0;0;0,00
HGBJA;novembro;2021;I;0 a 4;4,00;0;0;0,00
HGBJA;novembro;2021;II;5 a 9;8,00;0;0;0,00
HGBJA;novembro;2021;III;10 a 14;15,00;4;1;0,60
HGBJA;novembro;2021;IV;15 a 19;25,00;5;1;1,25
HGBJA;novembro;2021;V;20 a 24;40,00;6;3;2,40
HGBJA;novembro;2021;VI;25 a 29;55,00;3;3;1,65
HGBJA;novembro;2021;VII;30 a 34;75,00;1;0;0,75
HGBJA;novembro;2021;VIII;> 34;85,00;2;2;1,70
HGBJA;dezembro;2021;I;0 a 4;4,00;1;0;0,04
HGBJA;dezembro;2021;II;5 a 9;8,00;2;1;0,16
HGBJA;dezembro;2021;III;10 a 14;15,00;6;1;0,90
HGBJA;dezembro;2021;IV;15 a 19;25,00;9;2;2,25
HGBJA;dezembro;2021;V;20 a 24;40,00;4;0;1,60
HGBJA;dezembro;2021;VI;25 a 29;55,00;2;2;1,10
HGBJA;dezembro;2021;VII;30 a 34;75,00;2;2;1,50
HGBJA;dezembro;2021;VIII;> 34;85,00;2;1;1,70
HJK;janeiro;2021;I;0 a 4;4,00;0;0;0,00
HJK;janeiro;2021;II;5 a 9;8,00;3;0;0,24
HJK;janeiro;2021;III;10 a 14;15,00;18;1;2,70
HJK;janeiro;2021;IV;15 a 19;25,00;15;1;3,75
HJK;janeiro;2021;V;20 a 24;40,00;3;0;1,20
HJK;janeiro;2021;VI;25 a 29;55,00;13;3;7,15
HJK;janeiro;2021;VII;30 a 34;75,00;5;3;3,75
HJK;janeiro;2021;VIII;> 34;85,00;4;4;3,40
HJK;fevereiro;2021;I;0 a 4;4,00;0;0;0,00
HJK;fevereiro;2021;II;5 a 9;8,00;5;0;0,40
HJK;fevereiro;2021;III;10 a 14;15,00;20;4;3,00
HJK;fevereiro;2021;IV;15 a 19;25,00;31;7;7,75
HJK;fevereiro;2021;V;20 a 24;40,00;10;1;4,00
HJK;fevereiro;2021;VI;25 a 29;55,00;15;5;8,25
HJK;fevereiro;2021;VII;30 a 34;75,00;8;5;6,00
HJK;fevereiro;2021;VIII;> 34;85,00;5;4;4,25
HJK;março;2021;I;0 a 4;4,00;1;0;0,04
HJK;março;2021;II;5 a 9;8,00;12;0;0,96
HJK;março;2021;III;10 a 14;15,00;25;6;3,75
HJK;março;2021;IV;15 a 19;25,00;36;11;9,00
HJK;março;2021;V;20 a 24;40,00;25;11;10,00
HJK;março;2021;VI;25 a 29;55,00;15;7;8,25
HJK;março;2021;VII;30 a 34;75,00;14;5;10,50
HJK;março;2021;VIII;> 34;85,00;12;6;10,20
HJK;abril;2021;I;0 a 4;4,00;2;0;0,08
HJK;abril;2021;II;5 a 9;8,00;12;2;0,96
HJK;abril;2021;III;10 a 14;15,00;21;2;3,15
HJK;abril;2021;IV;15 a 19;25,00;21;8;5,25
HJK;abril;2021;V;20 a 24;40,00;10;3;4,00
HJK;abril;2021;VI;25 a 29;55,00;17;4;9,35
HJK;abril;2021;VII;30 a 34;75,00;9;7;6,75
HJK;abril;2021;VIII;> 34;85,00;16;8;13,60
HJK;maio;2021;I;0 a 4;4,00;8;2;0,32
HJK;maio;2021;II;5 a 9;8,00;24;1;1,92
HJK;maio;2021;III;10 a 14;15,00;24;3;3,60
HJK;maio;2021;IV;15 a 19;25,00;14;5;3,50
HJK;maio;2021;V;20 a 24;40,00;9;2;3,60
HJK;maio;2021;VI;25 a 29;55,00;8;3;4,40
HJK;maio;2021;VII;30 a 34;75,00;19;8;14,25
HJK;maio;2021;VIII;> 34;85,00;8;5;6,80
HJK;junho;2021;I;0 a 4;4,00;15;1;0,60
HJK;junho;2021;II;5 a 9;8,00;24;3;1,92
HJK;junho;2021;III;10 a 14;15,00;27;3;4,05
HJK;junho;2021;IV;15 a 19;25,00;12;2;3,00
HJK;junho;2021;V;20 a 24;40,00;11;3;4,40
HJK;junho;2021;VI;25 a 29;55,00;9;3;4,95
HJK;junho;2021;VII;30 a 34;75,00;14;3;10,50
HJK;junho;2021;VIII;> 34;85,00;11;6;9,35
HJK;julho;2021;I;0 a 4;4,00;4;0;0,16
HJK;julho;2021;II;5 a 9;8,00;13;3;1,04
HJK;julho;2021;III;10 a 14;15,00;27;0;4,05
HJK;julho;2021;IV;15 a 19;25,00;25;3;6,25
HJK;julho;2021;V;20 a 24;40,00;12;5;4,80
HJK;julho;2021;VI;25 a 29;55,00;11;3;6,05
HJK;julho;2021;VII;30 a 34;75,00;12;2;9,00
HJK;julho;2021;VIII;> 34;85,00;8;4;6,80
HJK;agosto;2021;I;0 a 4;4,00;4;1;0,16
HJK;agosto;2021;II;5 a 9;8,00;16;1;1,28
HJK;agosto;2021;III;10 a 14;15,00;27;3;4,05
HJK;agosto;2021;IV;15 a 19;25,00;28;3;7,00
HJK;agosto;2021;V;20 a 24;40,00;6;2;2,40
HJK;agosto;2021;VI;25 a 29;55,00;6;2;3,30
HJK;agosto;2021;VII;30 a 34;75,00;4;0;3,00
HJK;agosto;2021;VIII;> 34;85,00;5;2;4,25
HJK;setembro;2021;I;0 a 4;4,00;1;0;0,04
HJK;setembro;2021;II;5 a 9;8,00;11;0;0,88
HJK;setembro;2021;III;10 a 14;15,00;21;2;3,15
HJK;setembro;2021;IV;15 a 19;25,00;16;3;4,00
HJK;setembro;2021;V;20 a 24;40,00;5;2;2,00
HJK;setembro;2021;VI;25 a 29;55,00;2;1;1,10
HJK;setembro;2021;VII;30 a 34;75,00;4;1;3,00
HJK;setembro;2021;VIII;> 34;85,00;3;2;2,55
HJK;outubro;2021;I;0 a 4;4,00;1;0;0,04
HJK;outubro;2021;II;5 a 9;8,00;10;1;0,80
HJK;outubro;2021;III;10 a 14;15,00;13;1;1,95
HJK;outubro;2021;IV;15 a 19;25,00;22;3;5,50
HJK;outubro;2021;V;20 a 24;40,00;8;1;3,20
HJK;outubro;2021;VI;25 a 29;55,00;8;6;4,40
HJK;outubro;2021;VII;30 a 34;75,00;4;0;3,00
HJK;outubro;2021;VIII;> 34;85,00;4;1;3,40
HJK;novembro;2021;I;0 a 4;4,00;0;0;0,00
HJK;novembro;2021;II;5 a 9;8,00;14;0;1,12
HJK;novembro;2021;III;10 a 14;15,00;20;1;3,00
HJK;novembro;2021;IV;15 a 19;25,00;23;2;5,75
HJK;novembro;2021;V;20 a 24;40,00;18;1;7,20
HJK;novembro;2021;VI;25 a 29;55,00;9;2;4,95
HJK;novembro;2021;VII;30 a 34;75,00;5;0;3,75
HJK;novembro;2021;VIII;> 34;85,00;3;1;2,55
HJK;dezembro;2021;I;0 a 4;4,00;1;0;0,04
HJK;dezembro;2021;II;5 a 9;8,00;13;1;1,04
HJK;dezembro;2021;III;10 a 14;15,00;22;1;3,30
HJK;dezembro;2021;IV;15 a 19;25,00;26;5;6,50
HJK;dezembro;2021;V;20 a 24;40,00;18;1;7,20
HJK;dezembro;2021;VI;25 a 29;55,00;10;0;5,50
HJK;dezembro;2021;VII;30 a 34;75,00;3;0;2,25
HJK;dezembro;2021;VIII;> 34;85,00;4;2;3,40
HRAD;janeiro;2021;I;0 a 4;4,00;0;0;0,00
HRAD;janeiro;2021;II;5 a 9;8,00;1;0;0,08
HRAD;janeiro;2021;III;10 a 14;15,00;7;1;1,05
HRAD;janeiro;2021;IV;15 a 19;25,00;7;1;1,75
HRAD;janeiro;2021;V;20 a 24;40,00;7;1;2,80
HRAD;janeiro;2021;VI;25 a 29;55,00;3;2;1,65
HRAD;janeiro;2021;VII;30 a 34;75,00;0;0;0,00
HRAD;janeiro;2021;VIII;> 34;85,00;0;0;0,00
HRAD;fevereiro;2021;I;0 a 4;4,00;0;0;0,00
HRAD;fevereiro;2021;II;5 a 9;8,00;5;1;0,40
HRAD;fevereiro;2021;III;10 a 14;15,00;9;0;1,35
HRAD;fevereiro;2021;IV;15 a 19;25,00;6;0;1,50
HRAD;fevereiro;2021;V;20 a 24;40,00;9;3;3,60
HRAD;fevereiro;2021;VI;25 a 29;55,00;1;1;0,55
HRAD;fevereiro;2021;VII;30 a 34;75,00;1;1;0,75
HRAD;fevereiro;2021;VIII;> 34;85,00;0;0;0,00
HRAD;março;2021;I;0 a 4;4,00;0;0;0,00
HRAD;março;2021;II;5 a 9;8,00;1;0;0,08
HRAD;março;2021;III;10 a 14;15,00;5;2;0,75
HRAD;março;2021;IV;15 a 19;25,00;2;0;0,50
HRAD;março;2021;V;20 a 24;40,00;8;4;3,20
HRAD;março;2021;VI;25 a 29;55,00;5;2;2,75
HRAD;março;2021;VII;30 a 34;75,00;0;0;0,00
HRAD;março;2021;VIII;> 34;85,00;0;0;0,00
HRAD;abril;2021;I;0 a 4;4,00;0;0;0,00
HRAD;abril;2021;II;5 a 9;8,00;0;0;0,00
HRAD;abril;2021;III;10 a 14;15,00;2;0;0,30
HRAD;abril;2021;IV;15 a 19;25,00;11;2;2,75
HRAD;abril;2021;V;20 a 24;40,00;8;3;3,20
HRAD;abril;2021;VI;25 a 29;55,00;2;1;1,10
HRAD;abril;2021;VII;30 a 34;75,00;0;0;0,00
HRAD;abril;2021;VIII;> 34;85,00;0;0;0,00
HRAD;maio;2021;I;0 a 4;4,00;0;0;0,00
HRAD;maio;2021;II;5 a 9;8,00;1;1;0,08
HRAD;maio;2021;III;10 a 14;15,00;4;0;0,60
HRAD;maio;2021;IV;15 a 19;25,00;8;2;2,00
HRAD;maio;2021;V;20 a 24;40,00;5;0;2,00
HRAD;maio;2021;VI;25 a 29;55,00;5;3;2,75
HRAD;maio;2021;VII;30 a 34;75,00;1;1;0,75
HRAD;maio;2021;VIII;> 34;85,00;0;0;0,00
HRAD;junho;2021;I;0 a 4;4,00;0;0;0,00
HRAD;junho;2021;II;5 a 9;8,00;1;0;0,08
HRAD;junho;2021;III;10 a 14;15,00;3;1;0,45
HRAD;junho;2021;IV;15 a 19;25,00;4;3;1,00
HRAD;junho;2021;V;20 a 24;40,00;7;4;2,80
HRAD;junho;2021;VI;25 a 29;55,00;4;3;2,20
HRAD;junho;2021;VII;30 a 34;75,00;0;0;0,00
HRAD;junho;2021;VIII;> 34;85,00;0;0;0,00
HRAD;julho;2021;I;0 a 4;4,00;0;0;0,00
HRAD;julho;2021;II;5 a 9;8,00;1;0;0,08
HRAD;julho;2021;III;10 a 14;15,00;6;0;0,90
HRAD;julho;2021;IV;15 a 19;25,00;1;0;0,25
HRAD;julho;2021;V;20 a 24;40,00;7;1;2,80
HRAD;julho;2021;VI;25 a 29;55,00;5;3;2,75
HRAD;julho;2021;VII;30 a 34;75,00;0;0;0,00
HRAD;julho;2021;VIII;> 34;85,00;0;0;0,00
HRAD;agosto;2021;I;0 a 4;4,00;0;0;0,00
HRAD;agosto;2021;II;5 a 9;8,00;2;0;0,16
HRAD;agosto;2021;III;10 a 14;15,00;6;1;0,90
HRAD;agosto;2021;IV;15 a 19;25,00;7;1;1,75
HRAD;agosto;2021;V;20 a 24;40,00;4;3;1,60
HRAD;agosto;2021;VI;25 a 29;55,00;1;1;0,55
HRAD;agosto;2021;VII;30 a 34;75,00;0;0;0,00
HRAD;agosto;2021;VIII;> 34;85,00;0;0;0,00
HRAD;setembro;2021;I;0 a 4;4,00;0;0;0,00
HRAD;setembro;2021;II;5 a 9;8,00;1;0;0,08
HRAD;setembro;2021;III;10 a 14;15,00;6;0;0,90
HRAD;setembro;2021;IV;15 a 19;25,00;6;0;1,50
HRAD;setembro;2021;V;20 a 24;40,00;7;4;2,80
HRAD;setembro;2021;VI;25 a 29;55,00;0;0;0,00
HRAD;setembro;2021;VII;30 a 34;75,00;1;1;0,75
HRAD;setembro;2021;VIII;> 34;85,00;0;0;0,00
HRAD;outubro;2021;I;0 a 4;4,00;0;0;0,00
HRAD;outubro;2021;II;5 a 9;8,00;1;0;0,08
HRAD;outubro;2021;III;10 a 14;15,00;6;0;0,90
HRAD;outubro;2021;IV;15 a 19;25,00;3;0;0,75
HRAD;outubro;2021;V;20 a 24;40,00;10;2;4,00
HRAD;outubro;2021;VI;25 a 29;55,00;3;2;1,65
HRAD;outubro;2021;VII;30 a 34;75,00;0;0;0,00
HRAD;outubro;2021;VIII;> 34;85,00;0;0;0,00
HRAD;novembro;2021;I;0 a 4;4,00;0;0;0,00
HRAD;novembro;2021;II;5 a 9;8,00;4;0;0,32
HRAD;novembro;2021;III;10 a 14;15,00;4;1;0,60
HRAD;novembro;2021;IV;15 a 19;25,00;5;0;1,25
HRAD;novembro;2021;V;20 a 24;40,00;3;1;1,20
HRAD;novembro;2021;VI;25 a 29;55,00;4;3;2,20
HRAD;novembro;2021;VII;30 a 34;75,00;0;0;0,00
HRAD;novembro;2021;VIII;> 34;85,00;0;0;0,00
HRAD;dezembro;2021;I;0 a 4;4,00;0;0;0,00
HRAD;dezembro;2021;II;5 a 9;8,00;3;0;0,24
HRAD;dezembro;2021;III;10 a 14;15,00;3;0;0,45
HRAD;dezembro;2021;IV;15 a 19;25,00;8;2;2,00
HRAD;dezembro;2021;V;20 a 24;40,00;7;0;2,80
HRAD;dezembro;2021;VI;25 a 29;55,00;5;3;2,75
HRAD;dezembro;2021;VII;30 a 34;75,00;0;0;0,00
HRAD;dezembro;2021;VIII;> 34;85,00;0;0;0,00
HJXXIII;janeiro;2021;I;0 a 4;4,00;13;0;0,52
HJXXIII;janeiro;2021;II;5 a 9;8,00;34;1;2,72
HJXXIII;janeiro;2021;III;10 a 14;15,00;39;4;5,85
HJXXIII;janeiro;2021;IV;15 a 19;25,00;27;4;6,75
HJXXIII;janeiro;2021;V;20 a 24;40,00;9;6;3,60
HJXXIII;janeiro;2021;VI;25 a 29;55,00;7;4;3,85
HJXXIII;janeiro;2021;VII;30 a 34;75,00;3;3;2,25
HJXXIII;janeiro;2021;VIII;> 34;85,00;0;0;0,00
HJXXIII;fevereiro;2021;I;0 a 4;4,00;18;0;0,72
HJXXIII;fevereiro;2021;II;5 a 9;8,00;30;6;2,40
HJXXIII;fevereiro;2021;III;10 a 14;15,00;39;6;5,85
HJXXIII;fevereiro;2021;IV;15 a 19;25,00;19;7;4,75
HJXXIII;fevereiro;2021;V;20 a 24;40,00;5;2;2,00
HJXXIII;fevereiro;2021;VI;25 a 29;55,00;4;2;2,20
HJXXIII;fevereiro;2021;VII;30 a 34;75,00;1;0;0,75
HJXXIII;fevereiro;2021;VIII;> 34;85,00;0;0;0,00
HJXXIII;março;2021;I;0 a 4;4,00;17;0;0,68
HJXXIII;março;2021;II;5 a 9;8,00;33;2;2,64
HJXXIII;março;2021;III;10 a 14;15,00;44;7;6,60
HJXXIII;março;2021;IV;15 a 19;25,00;31;14;7,75
HJXXIII;março;2021;V;20 a 24;40,00;18;10;7,20
HJXXIII;março;2021;VI;25 a 29;55,00;6;4;3,30
HJXXIII;março;2021;VII;30 a 34;75,00;3;0;2,25
HJXXIII;março;2021;VIII;> 34;85,00;0;0;0,00
HJXXIII;abril;2021;I;0 a 4;4,00;5;0;0,20
HJXXIII;abril;2021;II;5 a 9;8,00;19;1;1,52
HJXXIII;abril;2021;III;10 a 14;15,00;25;4;3,75
HJXXIII;abril;2021;IV;15 a 19;25,00;39;6;9,75
HJXXIII;abril;2021;V;20 a 24;40,00;22;8;8,80
HJXXIII;abril;2021;VI;25 a 29;55,00;12;8;6,60
HJXXIII;abril;2021;VII;30 a 34;75,00;2;2;1,50
HJXXIII;abril;2021;VIII;> 34;85,00;0;0;0,00
HJXXIII;maio;2021;I;0 a 4;4,00;2;1;0,08
HJXXIII;maio;2021;II;5 a 9;8,00;24;0;1,92
HJXXIII;maio;2021;III;10 a 14;15,00;28;4;4,20
HJXXIII;maio;2021;IV;15 a 19;25,00;39;4;9,75
HJXXIII;maio;2021;V;20 a 24;40,00;18;8;7,20
HJXXIII;maio;2021;VI;25 a 29;55,00;9;7;4,95
HJXXIII;maio;2021;VII;30 a 34;75,00;5;4;3,75
HJXXIII;maio;2021;VIII;> 34;85,00;0;0;0,00
HJXXIII;junho;2021;I;0 a 4;4,00;2;0;0,08
HJXXIII;junho;2021;II;5 a 9;8,00;22;1;1,76
HJXXIII;junho;2021;III;10 a 14;15,00;34;0;5,10
HJXXIII;junho;2021;IV;15 a 19;25,00;21;4;5,25
HJXXIII;junho;2021;V;20 a 24;40,00;29;7;11,60
HJXXIII;junho;2021;VI;25 a 29;55,00;6;4;3,30
HJXXIII;junho;2021;VII;30 a 34;75,00;4;1;3,00
HJXXIII;junho;2021;VIII;> 34;85,00;0;0;0,00
HJXXIII;julho;2021;I;0 a 4;4,00;2;0;0,08
HJXXIII;julho;2021;II;5 a 9;8,00;32;0;2,56
HJXXIII;julho;2021;III;10 a 14;15,00;35;1;5,25
HJXXIII;julho;2021;IV;15 a 19;25,00;35;3;8,75
HJXXIII;julho;2021;V;20 a 24;40,00;21;9;8,40
HJXXIII;julho;2021;VI;25 a 29;55,00;7;2;3,85
HJXXIII;julho;2021;VII;30 a 34;75,00;3;3;2,25
HJXXIII;julho;2021;VIII;> 34;85,00;3;2;2,55
HJXXIII;agosto;2021;I;0 a 4;4,00;2;0;0,08
HJXXIII;agosto;2021;II;5 a 9;8,00;32;0;2,56
HJXXIII;agosto;2021;III;10 a 14;15,00;35;1;5,25
HJXXIII;agosto;2021;IV;15 a 19;25,00;35;3;8,75
HJXXIII;agosto;2021;V;20 a 24;40,00;21;9;8,40
HJXXIII;agosto;2021;VI;25 a 29;55,00;7;2;3,85
HJXXIII;agosto;2021;VII;30 a 34;75,00;3;3;2,25
HJXXIII;agosto;2021;VIII;> 34;85,00;3;2;2,55
HJXXIII;setembro;2021;I;0 a 4;4,00;5;0;0,20
HJXXIII;setembro;2021;II;5 a 9;8,00;15;0;1,20
HJXXIII;setembro;2021;III;10 a 14;15,00;43;2;6,45
HJXXIII;setembro;2021;IV;15 a 19;25,00;35;7;8,75
HJXXIII;setembro;2021;V;20 a 24;40,00;20;7;8,00
HJXXIII;setembro;2021;VI;25 a 29;55,00;10;5;5,50
HJXXIII;setembro;2021;VII;30 a 34;75,00;2;2;1,50
HJXXIII;setembro;2021;VIII;> 34;85,00;0;0;0,00
HJXXIII;outubro;2021;I;0 a 4;4,00;8;0;0,32
HJXXIII;outubro;2021;II;5 a 9;8,00;21;1;1,68
HJXXIII;outubro;2021;III;10 a 14;15,00;35;3;5,25
HJXXIII;outubro;2021;IV;15 a 19;25,00;37;6;9,25
HJXXIII;outubro;2021;V;20 a 24;40,00;21;2;8,40
HJXXIII;outubro;2021;VI;25 a 29;55,00;11;6;6,05
HJXXIII;outubro;2021;VII;30 a 34;75,00;1;1;0,75
HJXXIII;outubro;2021;VIII;> 34;85,00;3;3;2,55
HJXXIII;novembro;2021;I;0 a 4;4,00;10;0;0,40
HJXXIII;novembro;2021;II;5 a 9;8,00;27;0;2,16
HJXXIII;novembro;2021;III;10 a 14;15,00;34;2;5,10
HJXXIII;novembro;2021;IV;15 a 19;25,00;34;3;8,50
HJXXIII;novembro;2021;V;20 a 24;40,00;13;3;5,20
HJXXIII;novembro;2021;VI;25 a 29;55,00;11;5;6,05
HJXXIII;novembro;2021;VII;30 a 34;75,00;1;0;0,75
HJXXIII;novembro;2021;VIII;> 34;85,00;2;1;1,70
HJXXIII;dezembro;2021;I;0 a 4;4,00;11;0;0,44
HJXXIII;dezembro;2021;II;5 a 9;8,00;25;1;2,00
HJXXIII;dezembro;2021;III;10 a 14;15,00;38;1;5,70
HJXXIII;dezembro;2021;IV;15 a 19;25,00;40;6;10,00
HJXXIII;dezembro;2021;V;20 a 24;40,00;17;6;6,80
HJXXIII;dezembro;2021;VI;25 a 29;55,00;4;3;2,20
HJXXIII;dezembro;2021;VII;30 a 34;75,00;3;2;2,25
HJXXIII;dezembro;2021;VIII;> 34;85,00;1;1;0,85
HEM;janeiro;2021;I;0 a 4;4,00;0;0;0,00
HEM;janeiro;2021;II;5 a 9;8,00;8;2;0,64
HEM;janeiro;2021;III;10 a 14;15,00;22;7;3,30
HEM;janeiro;2021;IV;15 a 19;25,00;11;6;2,75
HEM;janeiro;2021;V;20 a 24;40,00;16;7;6,40
HEM;janeiro;2021;VI;25 a 29;55,00;8;5;4,40
HEM;janeiro;2021;VII;30 a 34;75,00;8;6;6,00
HEM;janeiro;2021;VIII;> 34;85,00;7;7;5,95
HEM;fevereiro;2021;I;0 a 4;4,00;1;0;0,04
HEM;fevereiro;2021;II;5 a 9;8,00;10;0;0,80
HEM;fevereiro;2021;III;10 a 14;15,00;19;3;2,85
HEM;fevereiro;2021;IV;15 a 19;25,00;9;4;2,25
HEM;fevereiro;2021;V;20 a 24;40,00;7;1;2,80
HEM;fevereiro;2021;VI;25 a 29;55,00;6;3;3,30
HEM;fevereiro;2021;VII;30 a 34;75,00;7;4;5,25
HEM;fevereiro;2021;VIII;> 34;85,00;3;2;2,55
HEM;março;2021;I;0 a 4;4,00;0;0;0,00
HEM;março;2021;II;5 a 9;8,00;11;2;0,88
HEM;março;2021;III;10 a 14;15,00;35;9;5,25
HEM;março;2021;IV;15 a 19;25,00;14;6;3,50
HEM;março;2021;V;20 a 24;40,00;17;10;6,80
HEM;março;2021;VI;25 a 29;55,00;16;9;8,80
HEM;março;2021;VII;30 a 34;75,00;6;3;4,50
HEM;março;2021;VIII;> 34;85,00;8;4;6,80
HEM;abril;2021;I;0 a 4;4,00;0;0;0,00
HEM;abril;2021;II;5 a 9;8,00;1;1;0,08
HEM;abril;2021;III;10 a 14;15,00;9;6;1,35
HEM;abril;2021;IV;15 a 19;25,00;25;13;6,25
HEM;abril;2021;V;20 a 24;40,00;25;12;10,00
HEM;abril;2021;VI;25 a 29;55,00;13;9;7,15
HEM;abril;2021;VII;30 a 34;75,00;2;2;1,50
HEM;abril;2021;VIII;> 34;85,00;9;7;7,65
HEM;maio;2021;I;0 a 4;4,00;0;0;0,00
HEM;maio;2021;II;5 a 9;8,00;3;0;0,24
HEM;maio;2021;III;10 a 14;15,00;17;7;2,55
HEM;maio;2021;IV;15 a 19;25,00;19;8;4,75
HEM;maio;2021;V;20 a 24;40,00;14;4;5,60
HEM;maio;2021;VI;25 a 29;55,00;7;4;3,85
HEM;maio;2021;VII;30 a 34;75,00;3;2;2,25
HEM;maio;2021;VIII;> 34;85,00;3;3;2,55
HEM;junho;2021;I;0 a 4;4,00;0;0;0,00
HEM;junho;2021;II;5 a 9;8,00;1;0;0,08
HEM;junho;2021;III;10 a 14;15,00;17;7;2,55
HEM;junho;2021;IV;15 a 19;25,00;26;8;6,50
HEM;junho;2021;V;20 a 24;40,00;12;1;4,80
HEM;junho;2021;VI;25 a 29;55,00;9;2;4,95
HEM;junho;2021;VII;30 a 34;75,00;3;2;2,25
HEM;junho;2021;VIII;> 34;85,00;1;1;0,85
HEM;julho;2021;I;0 a 4;4,00;1;0;0,04
HEM;julho;2021;II;5 a 9;8,00;9;2;0,72
HEM;julho;2021;III;10 a 14;15,00;20;0;3,00
HEM;julho;2021;IV;15 a 19;25,00;17;5;4,25
HEM;julho;2021;V;20 a 24;40,00;16;4;6,40
HEM;julho;2021;VI;25 a 29;55,00;10;4;5,50
HEM;julho;2021;VII;30 a 34;75,00;3;2;2,25
HEM;julho;2021;VIII;> 34;85,00;2;2;1,70
HEM;agosto;2021;I;0 a 4;4,00;0;0;0,00
HEM;agosto;2021;II;5 a 9;8,00;7;1;0,56
HEM;agosto;2021;III;10 a 14;15,00;12;0;1,80
HEM;agosto;2021;IV;15 a 19;25,00;13;1;3,25
HEM;agosto;2021;V;20 a 24;40,00;14;3;5,60
HEM;agosto;2021;VI;25 a 29;55,00;10;2;5,50
HEM;agosto;2021;VII;30 a 34;75,00;6;4;4,50
HEM;agosto;2021;VIII;> 34;85,00;1;0;0,85
HEM;setembro;2021;I;0 a 4;4,00;0;0;0,00
HEM;setembro;2021;II;5 a 9;8,00;1;0;0,08
HEM;setembro;2021;III;10 a 14;15,00;6;0;0,90
HEM;setembro;2021;IV;15 a 19;25,00;14;0;3,50
HEM;setembro;2021;V;20 a 24;40,00;7;0;2,80
HEM;setembro;2021;VI;25 a 29;55,00;4;2;2,20
HEM;setembro;2021;VII;30 a 34;75,00;3;2;2,25
HEM;setembro;2021;VIII;> 34;85,00;2;1;1,70
HEM;outubro;2021;I;0 a 4;4,00;0;0;0,00
HEM;outubro;2021;II;5 a 9;8,00;3;0;0,24
HEM;outubro;2021;III;10 a 14;15,00;3;0;0,45
HEM;outubro;2021;IV;15 a 19;25,00;20;2;5,00
HEM;outubro;2021;V;20 a 24;40,00;13;4;5,20
HEM;outubro;2021;VI;25 a 29;55,00;2;1;1,10
HEM;outubro;2021;VII;30 a 34;75,00;1;1;0,75
HEM;outubro;2021;VIII;> 34;85,00;4;3;3,40
HEM;novembro;2021;I;0 a 4;4,00;0;0;0,00
HEM;novembro;2021;II;5 a 9;8,00;3;0;0,24
HEM;novembro;2021;III;10 a 14;15,00;7;0;1,05
HEM;novembro;2021;IV;15 a 19;25,00;22;5;5,50
HEM;novembro;2021;V;20 a 24;40,00;9;0;3,60
HEM;novembro;2021;VI;25 a 29;55,00;6;3;3,30
HEM;novembro;2021;VII;30 a 34;75,00;3;3;2,25
HEM;novembro;2021;VIII;> 34;85,00;2;2;1,70
HEM;dezembro;2021;I;0 a 4;4,00;0;0;0,00
HEM;dezembro;2021;II;5 a 9;8,00;3;0;0,24
HEM;dezembro;2021;III;10 a 14;15,00;7;1;1,05
HEM;dezembro;2021;IV;15 a 19;25,00;22;6;5,50
HEM;dezembro;2021;V;20 a 24;40,00;10;5;4,00
HEM;dezembro;2021;VI;25 a 29;55,00;6;1;3,30
HEM;dezembro;2021;VII;30 a 34;75,00;3;1;2,25
HEM;dezembro;2021;VIII;> 34;85,00;1;1;0,85
HAC;janeiro;2021;I;0 a 4;4,00;0;0;0,00
HAC;janeiro;2021;II;5 a 9;8,00;5;0;0,40
HAC;janeiro;2021;III;10 a 14;15,00;9;0;1,35
HAC;janeiro;2021;IV;15 a 19;25,00;4;1;1,00
HAC;janeiro;2021;V;20 a 24;40,00;11;3;4,40
HAC;janeiro;2021;VI;25 a 29;55,00;3;2;1,65
HAC;janeiro;2021;VII;30 a 34;75,00;0;0;0,00
HAC;janeiro;2021;VIII;> 34;85,00;2;2;1,70
HAC;fevereiro;2021;I;0 a 4;4,00;2;0;0,08
HAC;fevereiro;2021;II;5 a 9;8,00;8;1;0,64
HAC;fevereiro;2021;III;10 a 14;15,00;16;0;2,40
HAC;fevereiro;2021;IV;15 a 19;25,00;6;0;1,50
HAC;fevereiro;2021;V;20 a 24;40,00;1;0;0,40
HAC;fevereiro;2021;VI;25 a 29;55,00;0;0;0,00
HAC;fevereiro;2021;VII;30 a 34;75,00;0;0;0,00
HAC;fevereiro;2021;VIII;> 34;85,00;0;0;0,00
HAC;março;2021;I;0 a 4;4,00;0;0;0,00
HAC;março;2021;II;5 a 9;8,00;9;0;0,72
HAC;março;2021;III;10 a 14;15,00;11;0;1,65
HAC;março;2021;IV;15 a 19;25,00;12;0;3,00
HAC;março;2021;V;20 a 24;40,00;3;0;1,20
HAC;março;2021;VI;25 a 29;55,00;3;1;1,65
HAC;março;2021;VII;30 a 34;75,00;3;1;2,25
HAC;março;2021;VIII;> 34;85,00;1;1;0,85
HAC;abril;2021;I;0 a 4;4,00;0;0;0,00
HAC;abril;2021;II;5 a 9;8,00;5;0;0,40
HAC;abril;2021;III;10 a 14;15,00;13;1;1,95
HAC;abril;2021;IV;15 a 19;25,00;7;1;1,75
HAC;abril;2021;V;20 a 24;40,00;4;2;1,60
HAC;abril;2021;VI;25 a 29;55,00;4;3;2,20
HAC;abril;2021;VII;30 a 34;75,00;4;4;3,00
HAC;abril;2021;VIII;> 34;85,00;0;0;0,00
HAC;maio;2021;I;0 a 4;4,00;0;0;0,00
HAC;maio;2021;II;5 a 9;8,00;6;0;0,48
HAC;maio;2021;III;10 a 14;15,00;13;0;1,95
HAC;maio;2021;IV;15 a 19;25,00;11;0;2,75
HAC;maio;2021;V;20 a 24;40,00;5;0;2,00
HAC;maio;2021;VI;25 a 29;55,00;1;0;0,55
HAC;maio;2021;VII;30 a 34;75,00;1;1;0,75
HAC;maio;2021;VIII;> 34;85,00;0;0;0,00
HAC;junho;2021;I;0 a 4;4,00;1;0;0,04
HAC;junho;2021;II;5 a 9;8,00;3;0;0,24
HAC;junho;2021;III;10 a 14;15,00;19;0;2,85
HAC;junho;2021;IV;15 a 19;25,00;13;0;3,25
HAC;junho;2021;V;20 a 24;40,00;8;2;3,20
HAC;junho;2021;VI;25 a 29;55,00;3;3;1,65
HAC;junho;2021;VII;30 a 34;75,00;4;3;3,00
HAC;junho;2021;VIII;> 34;85,00;2;2;1,70
HAC;julho;2021;I;0 a 4;4,00;3;0;0,12
HAC;julho;2021;II;5 a 9;8,00;9;0;0,72
HAC;julho;2021;III;10 a 14;15,00;14;0;2,10
HAC;julho;2021;IV;15 a 19;25,00;8;1;2,00
HAC;julho;2021;V;20 a 24;40,00;8;0;3,20
HAC;julho;2021;VI;25 a 29;55,00;3;0;1,65
HAC;julho;2021;VII;30 a 34;75,00;4;1;3,00
HAC;julho;2021;VIII;> 34;85,00;1;1;0,85
HAC;agosto;2021;I;0 a 4;4,00;4;0;0,16
HAC;agosto;2021;II;5 a 9;8,00;12;0;0,96
HAC;agosto;2021;III;10 a 14;15,00;11;2;1,65
HAC;agosto;2021;IV;15 a 19;25,00;8;0;2,00
HAC;agosto;2021;V;20 a 24;40,00;5;2;2,00
HAC;agosto;2021;VI;25 a 29;55,00;3;0;1,65
HAC;agosto;2021;VII;30 a 34;75,00;2;2;1,50
HAC;agosto;2021;VIII;> 34;85,00;5;3;4,25
HAC;setembro;2021;I;0 a 4;4,00;2;0;0,08
HAC;setembro;2021;II;5 a 9;8,00;7;0;0,56
HAC;setembro;2021;III;10 a 14;15,00;12;1;1,80
HAC;setembro;2021;IV;15 a 19;25,00;18;2;4,50
HAC;setembro;2021;V;20 a 24;40,00;4;2;1,60
HAC;setembro;2021;VI;25 a 29;55,00;5;2;2,75
HAC;setembro;2021;VII;30 a 34;75,00;0;0;0,00
HAC;setembro;2021;VIII;> 34;85,00;0;0;0,00
HAC;outubro;2021;I;0 a 4;4,00;2;0;0,08
HAC;outubro;2021;II;5 a 9;8,00;4;1;0,32
HAC;outubro;2021;III;10 a 14;15,00;15;2;2,25
HAC;outubro;2021;IV;15 a 19;25,00;20;2;5,00
HAC;outubro;2021;V;20 a 24;40,00;4;0;1,60
HAC;outubro;2021;VI;25 a 29;55,00;0;0;0,00
HAC;outubro;2021;VII;30 a 34;75,00;1;1;0,75
HAC;outubro;2021;VIII;> 34;85,00;0;0;0,00
HAC;novembro;2021;I;0 a 4;4,00;0;0;0,00
HAC;novembro;2021;II;5 a 9;8,00;4;0;0,32
HAC;novembro;2021;III;10 a 14;15,00;9;0;1,35
HAC;novembro;2021;IV;15 a 19;25,00;11;3;2,75
HAC;novembro;2021;V;20 a 24;40,00;7;4;2,80
HAC;novembro;2021;VI;25 a 29;55,00;3;2;1,65
HAC;novembro;2021;VII;30 a 34;75,00;0;0;0,00
HAC;novembro;2021;VIII;> 34;85,00;2;2;1,70
HAC;dezembro;2021;I;0 a 4;4,00;3;1;0,12
HAC;dezembro;2021;II;5 a 9;8,00;8;1;0,64
HAC;dezembro;2021;III;10 a 14;15,00;13;3;1,95
HAC;dezembro;2021;IV;15 a 19;25,00;3;2;0,75
HAC;dezembro;2021;V;20 a 24;40,00;2;1;0,80
HAC;dezembro;2021;VI;25 a 29;55,00;2;1;1,10
HAC;dezembro;2021;VII;30 a 34;75,00;0;0;0,00
HAC;dezembro;2021;VIII;> 34;85,00;1;1;0,85
HRJP;janeiro;2021;I;0 a 4;4,00;3;0;0,12
HRJP;janeiro;2021;II;5 a 9;8,00;3;1;0,24
HRJP;janeiro;2021;III;10 a 14;15,00;21;1;3,15
HRJP;janeiro;2021;IV;15 a 19;25,00;26;9;6,50
HRJP;janeiro;2021;V;20 a 24;40,00;10;5;4,00
HRJP;janeiro;2021;VI;25 a 29;55,00;0;0;0,00
HRJP;janeiro;2021;VII;30 a 34;75,00;0;0;0,00
HRJP;janeiro;2021;VIII;> 34;85,00;0;0;0,00
HRJP;fevereiro;2021;I;0 a 4;4,00;2;0;0,08
HRJP;fevereiro;2021;II;5 a 9;8,00;3;1;0,24
HRJP;fevereiro;2021;III;10 a 14;15,00;5;0;0,75
HRJP;fevereiro;2021;IV;15 a 19;25,00;17;7;4,25
HRJP;fevereiro;2021;V;20 a 24;40,00;11;6;4,40
HRJP;fevereiro;2021;VI;25 a 29;55,00;4;2;2,20
HRJP;fevereiro;2021;VII;30 a 34;75,00;1;0;0,75
HRJP;fevereiro;2021;VIII;> 34;85,00;0;0;0,00
HRJP;março;2021;I;0 a 4;4,00;0;0;0,00
HRJP;março;2021;II;5 a 9;8,00;3;0;0,24
HRJP;março;2021;III;10 a 14;15,00;20;3;3,00
HRJP;março;2021;IV;15 a 19;25,00;30;9;7,50
HRJP;março;2021;V;20 a 24;40,00;6;3;2,40
HRJP;março;2021;VI;25 a 29;55,00;0;0;0,00
HRJP;março;2021;VII;30 a 34;75,00;0;0;0,00
HRJP;março;2021;VIII;> 34;85,00;0;0;0,00
HRJP;abril;2021;I;0 a 4;4,00;0;0;0,00
HRJP;abril;2021;II;5 a 9;8,00;2;0;0,16
HRJP;abril;2021;III;10 a 14;15,00;18;4;2,70
HRJP;abril;2021;IV;15 a 19;25,00;30;4;7,50
HRJP;abril;2021;V;20 a 24;40,00;7;3;2,80
HRJP;abril;2021;VI;25 a 29;55,00;0;0;0,00
HRJP;abril;2021;VII;30 a 34;75,00;0;0;0,00
HRJP;abril;2021;VIII;> 34;85,00;0;0;0,00
HRJP;maio;2021;I;0 a 4;4,00;0;0;0,00
HRJP;maio;2021;II;5 a 9;8,00;3;0;0,24
HRJP;maio;2021;III;10 a 14;15,00;22;3;3,30
HRJP;maio;2021;IV;15 a 19;25,00;25;4;6,25
HRJP;maio;2021;V;20 a 24;40,00;5;0;2,00
HRJP;maio;2021;VI;25 a 29;55,00;0;0;0,00
HRJP;maio;2021;VII;30 a 34;75,00;0;0;0,00
HRJP;maio;2021;VIII;> 34;85,00;0;0;0,00
HRJP;junho;2021;I;0 a 4;4,00;1;0;0,04
HRJP;junho;2021;II;5 a 9;8,00;2;0;0,16
HRJP;junho;2021;III;10 a 14;15,00;15;1;2,25
HRJP;junho;2021;IV;15 a 19;25,00;21;4;5,25
HRJP;junho;2021;V;20 a 24;40,00;12;3;4,80
HRJP;junho;2021;VI;25 a 29;55,00;0;0;0,00
HRJP;junho;2021;VII;30 a 34;75,00;0;0;0,00
HRJP;junho;2021;VIII;> 34;85,00;0;0;0,00
HRJP;julho;2021;I;0 a 4;4,00;1;0;0,04
HRJP;julho;2021;II;5 a 9;8,00;1;0;0,08
HRJP;julho;2021;III;10 a 14;15,00;9;1;1,35
HRJP;julho;2021;IV;15 a 19;25,00;16;2;4,00
HRJP;julho;2021;V;20 a 24;40,00;11;0;4,40
HRJP;julho;2021;VI;25 a 29;55,00;9;4;4,95
HRJP;julho;2021;VII;30 a 34;75,00;4;2;3,00
HRJP;julho;2021;VIII;> 34;85,00;3;0;2,55
HRJP;agosto;2021;I;0 a 4;4,00;1;0;0,04
HRJP;agosto;2021;II;5 a 9;8,00;0;0;0,00
HRJP;agosto;2021;III;10 a 14;15,00;7;1;1,05
HRJP;agosto;2021;IV;15 a 19;25,00;9;2;2,25
HRJP;agosto;2021;V;20 a 24;40,00;8;1;3,20
HRJP;agosto;2021;VI;25 a 29;55,00;4;4;2,20
HRJP;agosto;2021;VII;30 a 34;75,00;3;1;2,25
HRJP;agosto;2021;VIII;> 34;85,00;1;1;0,85
HRJP;setembro;2021;I;0 a 4;4,00;0;0;0,00
HRJP;setembro;2021;II;5 a 9;8,00;0;1;0,00
HRJP;setembro;2021;III;10 a 14;15,00;2;0;0,30
HRJP;setembro;2021;IV;15 a 19;25,00;1;1;0,25
HRJP;setembro;2021;V;20 a 24;40,00;3;2;1,20
HRJP;setembro;2021;VI;25 a 29;55,00;1;3;0,55
HRJP;setembro;2021;VII;30 a 34;75,00;1;1;0,75
HRJP;setembro;2021;VIII;> 34;85,00;0;2;0,00
HRJP;outubro;2021;I;0 a 4;4,00;0;0;0,00
HRJP;outubro;2021;II;5 a 9;8,00;0;0;0,00
HRJP;outubro;2021;III;10 a 14;15,00;1;0;0,15
HRJP;outubro;2021;IV;15 a 19;25,00;5;0;1,25
HRJP;outubro;2021;V;20 a 24;40,00;4;2;1,60
HRJP;outubro;2021;VI;25 a 29;55,00;1;2;0,55
HRJP;outubro;2021;VII;30 a 34;75,00;2;1;1,50
HRJP;outubro;2021;VIII;> 34;85,00;1;0;0,85
HRJP;novembro;2021;I;0 a 4;4,00;2;1;0,08
HRJP;novembro;2021;II;5 a 9;8,00;1;0;0,08
HRJP;novembro;2021;III;10 a 14;15,00;4;1;0,60
HRJP;novembro;2021;IV;15 a 19;25,00;6;0;1,50
HRJP;novembro;2021;V;20 a 24;40,00;3;2;1,20
HRJP;novembro;2021;VI;25 a 29;55,00;1;0;0,55
HRJP;novembro;2021;VII;30 a 34;75,00;0;0;0,00
HRJP;novembro;2021;VIII;> 34;85,00;0;1;0,00
HRJP;dezembro;2021;I;0 a 4;4,00;1;0;0,04
HRJP;dezembro;2021;II;5 a 9;8,00;2;0;0,16
HRJP;dezembro;2021;III;10 a 14;15,00;4;0;0,60
HRJP;dezembro;2021;IV;15 a 19;25,00;5;0;1,25
HRJP;dezembro;2021;V;20 a 24;40,00;3;1;1,20
HRJP;dezembro;2021;VI;25 a 29;55,00;2;0;1,10
HRJP;dezembro;2021;VII;30 a 34;75,00;1;1;0,75
HRJP;dezembro;2021;VIII;> 34;85,00;0;2;0,00
